oblast,raion,hromada,level,started_at,finished_at,source
Dnipropetrovska oblast,Kryvorizkyi raion,m. Kryvyi Rih ta Kryvorizka terytorialna hromada,hromada,2022-05-21 23:36:59+00:00,2022-05-22 00:22:03+00:00,official
Dnipropetrovska oblast,Kryvorizkyi raion,m. Kryvyi Rih ta Kryvorizka terytorialna hromada,hromada,2022-06-09 03:43:18+00:00,2022-06-09 04:02:40+00:00,official
Mykolaivska oblast,Pervomaiskyi raion,Kryvoozerska terytorialna hromada,hromada,2022-08-09 10:07:51+00:00,2022-08-09 10:17:08+00:00,official
Mykolaivska oblast,Pervomaiskyi raion,Kryvoozerska terytorialna hromada,hromada,2022-07-23 14:55:22+00:00,2022-07-23 15:49:41+00:00,official
Mykolaivska oblast,Pervomaiskyi raion,Kryvoozerska terytorialna hromada,hromada,2022-06-18 23:01:54+00:00,2022-06-18 23:26:55+00:00,official
Dnipropetrovska oblast,Nikopolskyi raion,m. Nikopol ta Nikopolska terytorialna hromada,hromada,2022-08-30 17:50:55+00:00,2022-08-31 02:43:20+00:00,official
Mykolaivska oblast,Pervomaiskyi raion,Kryvoozerska terytorialna hromada,hromada,2022-08-01 13:37:07+00:00,2022-08-01 14:33:47+00:00,official
Donetska oblast,Volnovaskyi raion,Volnovaska terytorialna hromada,hromada,2022-05-12 05:56:15+00:00,2022-05-12 06:18:15+00:00,official
Mykolaivska oblast,Voznesenskyi raion,m. Yuzhnoukrainsk ta Yuzhnoukrainska terytorialna hromada,hromada,2022-07-26 09:50:56+00:00,2022-07-26 10:18:46+00:00,official
Mykolaivska oblast,Pervomaiskyi raion,Arbuzynska terytorialna hromada,hromada,2022-12-03 11:21:10+00:00,2022-12-03 12:26:31+00:00,official
Mykolaivska oblast,Voznesenskyi raion,m. Yuzhnoukrainsk ta Yuzhnoukrainska terytorialna hromada,hromada,2022-09-01 10:55:12+00:00,2022-09-01 11:30:25+00:00,official
Mykolaivska oblast,Pervomaiskyi raion,Arbuzynska terytorialna hromada,hromada,2022-09-02 13:44:42+00:00,2022-09-02 14:34:24+00:00,official
Mykolaivska oblast,Pervomaiskyi raion,Kryvoozerska terytorialna hromada,hromada,2022-07-16 01:12:44+00:00,2022-07-16 02:09:15+00:00,official
Kharkivska oblast,Kharkivskyi raion,m. Kharkiv ta Kharkivska terytorialna hromada,hromada,2022-09-02 20:15:53+00:00,2022-09-02 21:04:55+00:00,official
Dnipropetrovska oblast,Kryvorizkyi raion,m. Kryvyi Rih ta Kryvorizka terytorialna hromada,hromada,2022-05-16 07:39:57+00:00,2022-05-16 07:52:01+00:00,official
Poltavska oblast,Lubenskyi raion,m. Lubny ta Lubenska terytorialna hromada,hromada,2022-03-20 23:36:42+00:00,2022-03-21 00:18:39+00:00,official
Zaporizka oblast,Polohivskyi raion,Orikhivska terytorialna hromada,hromada,2022-06-14 02:26:39+00:00,2022-06-14 02:26:50+00:00,official
Donetska oblast,Volnovaskyi raion,Velykonovosilkivska terytorialna hromada,hromada,2022-04-04 13:05:45+00:00,2022-04-04 16:12:39+00:00,official
Mykolaivska oblast,Pervomaiskyi raion,Arbuzynska terytorialna hromada,hromada,2022-04-30 10:35:30+00:00,2022-04-30 11:33:18+00:00,official
Mykolaivska oblast,Pervomaiskyi raion,Kryvoozerska terytorialna hromada,hromada,2022-10-03 03:05:24+00:00,2022-10-03 03:29:13+00:00,official
Mykolaivska oblast,Voznesenskyi raion,m. Voznesensk ta Voznesenska terytorialna hromada,hromada,2022-08-22 03:51:28+00:00,2022-08-22 04:29:15+00:00,official
Dnipropetrovska oblast,Kryvorizkyi raion,m. Kryvyi Rih ta Kryvorizka terytorialna hromada,hromada,2022-05-25 16:03:52+00:00,2022-05-25 18:46:11+00:00,official
Mykolaivska oblast,Voznesenskyi raion,m. Voznesensk ta Voznesenska terytorialna hromada,hromada,2022-08-14 08:42:46+00:00,2022-08-14 09:04:14+00:00,official
Dnipropetrovska oblast,Kryvorizkyi raion,m. Kryvyi Rih ta Kryvorizka terytorialna hromada,hromada,2022-05-22 13:39:11+00:00,2022-05-22 15:13:56+00:00,official
Dnipropetrovska oblast,Kryvorizkyi raion,m. Kryvyi Rih ta Kryvorizka terytorialna hromada,hromada,2022-06-12 20:07:41+00:00,2022-06-12 21:28:13+00:00,official
Mykolaivska oblast,Voznesenskyi raion,m. Voznesensk ta Voznesenska terytorialna hromada,hromada,2022-08-11 14:36:51+00:00,2022-08-11 15:31:13+00:00,official
Mykolaivska oblast,Pervomaiskyi raion,Kryvoozerska terytorialna hromada,hromada,2022-09-26 21:05:50+00:00,2022-09-26 21:20:12+00:00,official
Mykolaivska oblast,Mykolaivskyi raion,m. Mykolaiv ta Mykolaivska terytorialna hromada,hromada,2022-03-23 05:31:45+00:00,2022-03-23 05:56:48+00:00,official
Kharkivska oblast,Kharkivskyi raion,m. Kharkiv ta Kharkivska terytorialna hromada,hromada,2022-09-07 18:02:03+00:00,2022-09-07 19:18:10+00:00,official
Mykolaivska oblast,Pervomaiskyi raion,Kryvoozerska terytorialna hromada,hromada,2022-07-12 11:13:33+00:00,2022-07-12 12:30:27+00:00,official
Odeska oblast,,,oblast,2022-05-26 15:45:13+00:00,2022-05-26 16:10:31+00:00,official
Mykolaivska oblast,,,oblast,2022-10-02 22:45:56+00:00,2022-10-03 02:05:49+00:00,official
Zhytomyrska oblast,,,oblast,2022-10-29 14:40:57+00:00,2022-10-29 16:04:21+00:00,official
Odeska oblast,,,oblast,2022-06-28 11:16:07+00:00,2022-06-28 11:40:11+00:00,official
Lvivska oblast,,,oblast,2022-12-17 09:25:29+00:00,2022-12-17 11:06:00+00:00,official
Dnipropetrovska oblast,,,oblast,2022-05-25 06:05:56+00:00,2022-05-25 06:35:10+00:00,official
Odeska oblast,,,oblast,2022-09-11 00:52:04+00:00,2022-09-11 01:28:21+00:00,official
Odeska oblast,,,oblast,2022-10-03 11:43:18+00:00,2022-10-03 12:02:38+00:00,official
Kirovohradska oblast,,,oblast,2022-08-29 06:54:42+00:00,2022-08-29 07:46:55+00:00,official
Mykolaivska oblast,,,oblast,2022-07-05 02:40:55+00:00,2022-07-05 03:09:03+00:00,official
Kharkivska oblast,,,oblast,2022-06-22 17:33:50+00:00,2022-06-22 18:00:50+00:00,official
Chernihivska oblast,,,oblast,2022-08-31 08:46:38+00:00,2022-08-31 09:23:26+00:00,official
Donetska oblast,,,oblast,2022-08-11 21:05:47+00:00,2022-08-11 21:27:18+00:00,official
Cherkaska oblast,,,oblast,2022-09-08 21:37:10+00:00,2022-09-08 22:04:06+00:00,official
Kharkivska oblast,,,oblast,2022-08-24 09:13:56+00:00,2022-08-24 11:19:46+00:00,official
Sumska oblast,,,oblast,2022-05-31 08:57:35+00:00,2022-05-31 10:39:25+00:00,official
Odeska oblast,,,oblast,2022-04-08 14:35:43+00:00,2022-04-08 15:05:41+00:00,official
Donetska oblast,,,oblast,2022-05-23 13:04:13+00:00,2022-05-23 14:06:16+00:00,official
Dnipropetrovska oblast,,,oblast,2022-07-15 01:59:31+00:00,2022-07-15 02:37:00+00:00,official
Cherkaska oblast,,,oblast,2022-06-25 09:18:08+00:00,2022-06-25 10:01:02+00:00,official
Zhytomyrska oblast,,,oblast,2022-04-18 06:58:47+00:00,2022-04-18 07:44:20+00:00,official
Dnipropetrovska oblast,,,oblast,2022-09-07 05:39:13+00:00,2022-09-07 06:03:48+00:00,official
Zaporizka oblast,,,oblast,2022-08-26 23:58:11+00:00,2022-08-27 00:14:18+00:00,official
Dnipropetrovska oblast,,,oblast,2022-05-21 23:36:29+00:00,2022-05-22 00:21:39+00:00,official
Donetska oblast,,,oblast,2022-10-25 18:07:50+00:00,2022-10-25 18:44:47+00:00,official
Kirovohradska oblast,,,oblast,2022-10-05 11:20:34+00:00,2022-10-05 11:42:23+00:00,official
Dnipropetrovska oblast,,,oblast,2022-04-21 15:29:43+00:00,2022-04-21 15:48:58+00:00,official
Zaporizka oblast,,,oblast,2022-04-23 18:30:07+00:00,2022-04-23 20:30:42+00:00,official
Mykolaivska oblast,,,oblast,2022-10-26 05:25:55+00:00,2022-10-26 06:39:50+00:00,official
Kharkivska oblast,,,oblast,2022-11-17 10:51:37+00:00,2022-11-17 11:18:11+00:00,official
Donetska oblast,Kramatorskyi raion,,raion,2022-03-21 14:21:41+00:00,2022-03-21 15:52:20+00:00,official
Donetska oblast,Bakhmutskyi raion,,raion,2022-04-02 17:14:16+00:00,2022-04-02 17:37:06+00:00,official
Sumska oblast,Konotopskyi raion,,raion,2022-04-13 11:56:44+00:00,2022-04-13 12:22:14+00:00,official
Donetska oblast,Kramatorskyi raion,,raion,2022-03-21 03:41:27+00:00,2022-03-21 04:10:04+00:00,official
Kharkivska oblast,Krasnohradskyi raion,,raion,2022-04-24 11:26:24+00:00,2022-04-24 11:54:51+00:00,official
Mykolaivska oblast,Mykolaivskyi raion,,raion,2022-04-30 15:07:13+00:00,2022-04-30 15:38:11+00:00,official
Donetska oblast,Pokrovskyi raion,,raion,2022-03-28 03:40:07+00:00,2022-03-28 04:07:13+00:00,official
Donetska oblast,Pokrovskyi raion,,raion,2022-04-07 07:44:27+00:00,2022-04-07 08:54:47+00:00,official
Donetska oblast,Pokrovskyi raion,,raion,2022-03-26 07:33:34+00:00,2022-03-26 09:13:15+00:00,official
Donetska oblast,Kramatorskyi raion,,raion,2022-04-04 19:48:27+00:00,2022-04-04 19:56:05+00:00,official
Donetska oblast,Bakhmutskyi raion,,raion,2022-04-10 19:11:31+00:00,2022-04-10 19:47:36+00:00,official
Kharkivska oblast,Kharkivskyi raion,,raion,2022-05-12 08:45:12+00:00,2022-05-12 08:49:50+00:00,official
Donetska oblast,Pokrovskyi raion,,raion,2022-04-03 10:40:43+00:00,2022-04-03 10:53:53+00:00,official
Donetska oblast,Kramatorskyi raion,,raion,2022-05-24 19:14:03+00:00,2022-05-24 19:51:44+00:00,official
Donetska oblast,Pokrovskyi raion,,raion,2022-04-12 06:10:20+00:00,2022-04-12 06:19:04+00:00,official
Donetska oblast,Bakhmutskyi raion,,raion,2022-04-23 05:55:33+00:00,2022-04-23 06:21:36+00:00,official
Donetska oblast,Kramatorskyi raion,,raion,2022-06-06 14:47:34+00:00,2022-06-06 15:41:37+00:00,official
Donetska oblast,Kramatorskyi raion,,raion,2022-04-20 05:19:05+00:00,2022-04-20 05:47:38+00:00,official
Donetska oblast,Bakhmutskyi raion,,raion,2022-06-15 03:13:56+00:00,2022-06-15 04:00:55+00:00,official
Donetska oblast,Kramatorskyi raion,,raion,2022-03-19 15:44:30+00:00,2022-03-19 16:07:48+00:00,official
Odeska oblast,Bilhorod-Dnistrovskyi raion,,raion,2022-03-17 10:49:44+00:00,2022-03-17 11:47:24+00:00,official
Mykolaivska oblast,Pervomaiskyi raion,,raion,2022-04-21 16:49:35+00:00,2022-04-21 17:20:21+00:00,official
Kharkivska oblast,Chuhuivskyi raion,,raion,2022-09-10 18:22:03+00:00,2022-09-10 18:22:08+00:00,official
Kharkivska oblast,Kharkivskyi raion,,raion,2022-09-10 19:11:24+00:00,2022-09-10 19:11:28+00:00,official
Donetska oblast,Bakhmutskyi raion,,raion,2022-04-06 04:27:44+00:00,2022-04-06 04:37:51+00:00,official
Donetska oblast,Kramatorskyi raion,,raion,2022-07-19 01:57:46+00:00,2022-07-19 02:44:56+00:00,official
Kirovohradska oblast,Kropyvnytskyi raion,,raion,2022-03-20 04:39:45+00:00,2022-03-20 05:07:56+00:00,official
Donetska oblast,Kramatorskyi raion,,raion,2022-04-29 02:33:52+00:00,2022-04-29 03:06:38+00:00,official
Donetska oblast,Kramatorskyi raion,,raion,2022-06-02 10:57:31+00:00,2022-06-02 11:47:45+00:00,official
Kharkivska oblast,Kharkivskyi raion,,raion,2022-06-11 17:33:56+00:00,2022-06-11 17:39:12+00:00,official
Dnipropetrovska oblast,Nikopolskyi raion,m. Nikopol ta Nikopolska terytorialna hromada,hromada,2023-05-20 14:54:04+00:00,2023-05-20 15:28:32+00:00,official
Dnipropetrovska oblast,Nikopolskyi raion,m. Nikopol ta Nikopolska terytorialna hromada,hromada,2023-05-04 08:34:55+00:00,2023-05-04 09:38:25+00:00,official
Dnipropetrovska oblast,Nikopolskyi raion,m. Nikopol ta Nikopolska terytorialna hromada,hromada,2023-08-29 17:06:27+00:00,2023-08-30 03:08:30+00:00,official
Dnipropetrovska oblast,Nikopolskyi raion,m. Nikopol ta Nikopolska terytorialna hromada,hromada,2023-06-13 10:09:31+00:00,2023-06-13 11:19:12+00:00,official
Dnipropetrovska oblast,Nikopolskyi raion,m. Nikopol ta Nikopolska terytorialna hromada,hromada,2023-02-18 12:38:04+00:00,2023-02-18 15:35:56+00:00,official
Dnipropetrovska oblast,Nikopolskyi raion,m. Nikopol ta Nikopolska terytorialna hromada,hromada,2023-06-13 19:30:51+00:00,2023-06-14 02:33:38+00:00,official
Dnipropetrovska oblast,Nikopolskyi raion,m. Nikopol ta Nikopolska terytorialna hromada,hromada,2023-05-17 16:29:17+00:00,2023-05-18 03:30:05+00:00,official
Dnipropetrovska oblast,Nikopolskyi raion,m. Nikopol ta Nikopolska terytorialna hromada,hromada,2023-08-16 18:05:02+00:00,2023-08-17 02:57:12+00:00,official
Dnipropetrovska oblast,Nikopolskyi raion,m. Marhanets ta Marhanetska terytorialna hromada,hromada,2023-11-05 11:51:31+00:00,2023-11-05 14:30:52+00:00,official
Dnipropetrovska oblast,Nikopolskyi raion,m. Nikopol ta Nikopolska terytorialna hromada,hromada,2023-08-17 19:07:03+00:00,2023-08-18 03:08:29+00:00,official
Mykolaivska oblast,Voznesenskyi raion,m. Voznesensk ta Voznesenska terytorialna hromada,hromada,2023-01-25 10:29:51+00:00,2023-01-25 11:03:02+00:00,official
Dnipropetrovska oblast,Nikopolskyi raion,m. Nikopol ta Nikopolska terytorialna hromada,hromada,2023-11-14 08:10:51+00:00,2023-11-14 09:01:17+00:00,official
Dnipropetrovska oblast,Nikopolskyi raion,m. Nikopol ta Nikopolska terytorialna hromada,hromada,2023-01-02 15:10:22+00:00,2023-01-03 04:35:44+00:00,official
Dnipropetrovska oblast,Nikopolskyi raion,m. Nikopol ta Nikopolska terytorialna hromada,hromada,2023-06-11 05:23:04+00:00,2023-06-11 06:30:05+00:00,official
Dnipropetrovska oblast,Nikopolskyi raion,m. Nikopol ta Nikopolska terytorialna hromada,hromada,2023-08-03 15:38:20+00:00,2023-08-04 03:10:13+00:00,official
Dnipropetrovska oblast,Nikopolskyi raion,m. Nikopol ta Nikopolska terytorialna hromada,hromada,2023-06-24 06:00:00+00:00,2023-06-24 08:57:39+00:00,official
Dnipropetrovska oblast,Nikopolskyi raion,m. Nikopol ta Nikopolska terytorialna hromada,hromada,2023-12-11 11:16:11+00:00,2023-12-11 11:40:04+00:00,official
Dnipropetrovska oblast,Nikopolskyi raion,m. Marhanets ta Marhanetska terytorialna hromada,hromada,2023-12-30 11:25:22+00:00,2023-12-30 13:22:32+00:00,official
Dnipropetrovska oblast,Nikopolskyi raion,m. Nikopol ta Nikopolska terytorialna hromada,hromada,2023-09-30 18:13:17+00:00,2023-10-01 03:26:21+00:00,official
Mykolaivska oblast,Voznesenskyi raion,m. Voznesensk ta Voznesenska terytorialna hromada,hromada,2023-04-25 06:49:43+00:00,2023-04-25 07:17:29+00:00,official
Dnipropetrovska oblast,Nikopolskyi raion,m. Nikopol ta Nikopolska terytorialna hromada,hromada,2023-09-11 15:25:23+00:00,2023-09-12 03:17:58+00:00,official
Dnipropetrovska oblast,Nikopolskyi raion,m. Nikopol ta Nikopolska terytorialna hromada,hromada,2023-03-09 18:01:58+00:00,2023-03-10 05:35:13+00:00,official
Dnipropetrovska oblast,Nikopolskyi raion,m. Nikopol ta Nikopolska terytorialna hromada,hromada,2023-08-11 04:36:03+00:00,2023-08-11 05:58:16+00:00,official
Dnipropetrovska oblast,Nikopolskyi raion,m. Nikopol ta Nikopolska terytorialna hromada,hromada,2023-02-09 09:23:51+00:00,2023-02-09 10:47:27+00:00,official
Dnipropetrovska oblast,Nikopolskyi raion,m. Nikopol ta Nikopolska terytorialna hromada,hromada,2023-10-29 06:15:10+00:00,2023-10-29 07:12:33+00:00,official
Dnipropetrovska oblast,Nikopolskyi raion,m. Nikopol ta Nikopolska terytorialna hromada,hromada,2023-07-17 19:02:01+00:00,2023-07-18 02:45:34+00:00,official
Dnipropetrovska oblast,Nikopolskyi raion,m. Nikopol ta Nikopolska terytorialna hromada,hromada,2023-06-05 19:37:05+00:00,2023-06-06 03:08:51+00:00,official
Dnipropetrovska oblast,Nikopolskyi raion,m. Nikopol ta Nikopolska terytorialna hromada,hromada,2023-07-19 19:02:24+00:00,2023-07-20 03:07:29+00:00,official
Dnipropetrovska oblast,Nikopolskyi raion,m. Nikopol ta Nikopolska terytorialna hromada,hromada,2023-05-23 17:52:13+00:00,2023-05-24 02:51:23+00:00,official
Dnipropetrovska oblast,Nikopolskyi raion,m. Nikopol ta Nikopolska terytorialna hromada,hromada,2023-09-08 07:10:54+00:00,2023-09-08 08:35:47+00:00,official
Dnipropetrovska oblast,,,oblast,2023-04-18 09:21:49+00:00,2023-04-18 09:54:02+00:00,official
Zaporizka oblast,,,oblast,2023-04-07 13:01:26+00:00,2023-04-07 14:01:48+00:00,official
Poltavska oblast,,,oblast,2023-02-15 20:45:35+00:00,2023-02-15 23:09:28+00:00,official
Dnipropetrovska oblast,,,oblast,2023-12-13 14:15:14+00:00,2023-12-13 14:46:39+00:00,official
Cherkaska oblast,,,oblast,2023-10-23 21:57:18+00:00,2023-10-23 22:19:32+00:00,official
Donetska oblast,,,oblast,2023-10-21 12:48:02+00:00,2023-10-21 13:32:17+00:00,official
Mykolaivska oblast,,,oblast,2023-06-29 16:41:49+00:00,2023-06-29 17:54:59+00:00,official
Kharkivska oblast,,,oblast,2023-11-23 19:44:06+00:00,2023-11-23 20:38:29+00:00,official
Chernihivska oblast,,,oblast,2023-04-17 12:44:16+00:00,2023-04-17 13:22:13+00:00,official
Mykolaivska oblast,,,oblast,2023-12-27 19:51:18+00:00,2023-12-27 21:38:30+00:00,official
Donetska oblast,,,oblast,2023-06-23 05:22:54+00:00,2023-06-23 05:45:35+00:00,official
Zaporizka oblast,,,oblast,2023-05-05 17:13:56+00:00,2023-05-05 17:45:08+00:00,official
Donetska oblast,,,oblast,2023-06-29 12:56:07+00:00,2023-06-29 13:31:09+00:00,official
Donetska oblast,,,oblast,2023-07-07 10:39:33+00:00,2023-07-07 11:45:44+00:00,official
Zaporizka oblast,,,oblast,2023-10-02 12:00:57+00:00,2023-10-02 12:10:23+00:00,official
Zhytomyrska oblast,,,oblast,2023-03-20 07:09:57+00:00,2023-03-20 08:41:30+00:00,official
Kharkivska oblast,,,oblast,2023-01-25 19:52:45+00:00,2023-01-25 23:10:22+00:00,official
Mykolaivska oblast,,,oblast,2023-11-17 19:12:40+00:00,2023-11-17 21:36:01+00:00,official
Kyiv City,,,oblast,2023-05-15 23:24:39+00:00,2023-05-16 01:03:23+00:00,official
Kharkivska oblast,,,oblast,2023-02-13 05:33:34+00:00,2023-02-13 06:01:20+00:00,official
Donetska oblast,,,oblast,2023-04-14 21:13:35+00:00,2023-04-14 21:37:13+00:00,official
Sumska oblast,,,oblast,2023-04-11 20:05:21+00:00,2023-04-11 20:32:58+00:00,official
Khersonska oblast,,,oblast,2023-09-19 02:52:00+00:00,2023-09-19 03:14:05+00:00,official
Chernihivska oblast,,,oblast,2023-11-08 11:44:25+00:00,2023-11-08 12:11:15+00:00,official
Zaporizka oblast,,,oblast,2023-05-11 20:00:36+00:00,2023-05-11 22:35:02+00:00,official
Donetska oblast,,,oblast,2023-03-17 02:12:50+00:00,2023-03-17 02:48:32+00:00,official
Kyivska oblast,,,oblast,2023-07-26 14:56:51+00:00,2023-07-26 17:23:32+00:00,official
Kharkivska oblast,,,oblast,2023-08-27 00:04:22+00:00,2023-08-27 03:22:10+00:00,official
Dnipropetrovska oblast,,,oblast,2023-11-01 09:27:11+00:00,2023-11-01 10:07:23+00:00,official
Odeska oblast,,,oblast,2023-07-06 21:28:37+00:00,2023-07-06 22:58:30+00:00,official
Sumska oblast,Shostkynskyi raion,,raion,2023-08-21 18:53:21+00:00,2023-08-21 20:58:29+00:00,official
Kharkivska oblast,Chuhuivskyi raion,,raion,2023-05-13 19:32:11+00:00,2023-05-14 05:13:27+00:00,official
Zaporizka oblast,Polohivskyi raion,,raion,2023-01-09 08:06:15+00:00,2023-01-09 09:04:49+00:00,official
Donetska oblast,Kramatorskyi raion,,raion,2023-06-21 19:24:51+00:00,2023-06-21 19:25:45+00:00,official
Sumska oblast,Shostkynskyi raion,,raion,2023-09-10 23:00:52+00:00,2023-09-11 03:05:35+00:00,official
Sumska oblast,Sumskyi raion,,raion,2023-08-21 18:53:54+00:00,2023-08-21 20:58:38+00:00,official
Donetska oblast,Kramatorskyi raion,,raion,2023-01-09 08:48:07+00:00,2023-01-09 09:24:25+00:00,official
Donetska oblast,Kramatorskyi raion,,raion,2023-01-09 08:48:07+00:00,2023-01-09 09:24:25+00:00,official
Sumska oblast,Sumskyi raion,,raion,2023-08-21 18:53:54+00:00,2023-08-21 20:58:38+00:00,official
Donetska oblast,Kramatorskyi raion,,raion,2023-06-04 08:29:34+00:00,2023-06-04 10:14:08+00:00,official
Donetska oblast,Kramatorskyi raion,,raion,2023-01-24 08:41:01+00:00,2023-01-24 08:50:20+00:00,official
Zaporizka oblast,Polohivskyi raion,,raion,2023-01-09 08:06:15+00:00,2023-01-09 09:04:49+00:00,official
Donetska oblast,Kramatorskyi raion,,raion,2023-04-26 14:32:41+00:00,2023-04-26 14:37:40+00:00,official
Donetska oblast,Kramatorskyi raion,,raion,2023-04-26 14:32:41+00:00,2023-04-26 14:37:40+00:00,official
Kharkivska oblast,Chuhuivskyi raion,,raion,2023-05-13 19:32:11+00:00,2023-05-14 05:13:27+00:00,official
Sumska oblast,Konotopskyi raion,,raion,2023-08-21 18:54:06+00:00,2023-08-21 20:58:19+00:00,official
Donetska oblast,Kramatorskyi raion,,raion,2023-06-04 08:29:34+00:00,2023-06-04 10:14:08+00:00,official
Sumska oblast,Shostkynskyi raion,,raion,2023-08-21 18:53:21+00:00,2023-08-21 20:58:29+00:00,official
Sumska oblast,Shostkynskyi raion,,raion,2023-09-10 23:00:52+00:00,2023-09-11 03:05:35+00:00,official
Donetska oblast,Kramatorskyi raion,,raion,2023-08-15 08:57:10+00:00,2023-08-15 09:57:46+00:00,official
Sumska oblast,Konotopskyi raion,,raion,2023-08-21 18:54:06+00:00,2023-08-21 20:58:19+00:00,official
Donetska oblast,Kramatorskyi raion,,raion,2023-01-24 08:41:01+00:00,2023-01-24 08:50:20+00:00,official
Donetska oblast,Kramatorskyi raion,,raion,2023-08-15 08:57:10+00:00,2023-08-15 09:57:46+00:00,official
Donetska oblast,Kramatorskyi raion,,raion,2023-06-21 19:24:51+00:00,2023-06-21 19:25:45+00:00,official
Donetska oblast,Pokrovskyi raion,Pokrovska terytorialna hromada,hromada,2024-03-31 06:06:49+00:00,2024-03-31 07:00:03+00:00,official
Dnipropetrovska oblast,Nikopolskyi raion,Chervonohryhorivska terytorialna hromada,hromada,2024-07-31 14:35:44+00:00,2024-08-01 04:42:09+00:00,official
Dnipropetrovska oblast,Nikopolskyi raion,m. Nikopol ta Nikopolska terytorialna hromada,hromada,2024-03-07 12:19:28+00:00,2024-03-07 13:16:07+00:00,official
Dnipropetrovska oblast,Nikopolskyi raion,Chervonohryhorivska terytorialna hromada,hromada,2024-08-19 18:09:16+00:00,2024-08-20 05:29:52+00:00,official
Dnipropetrovska oblast,Nikopolskyi raion,m. Marhanets ta Marhanetska terytorialna hromada,hromada,2024-01-08 20:21:50+00:00,2024-01-09 10:17:48+00:00,official
Donetska oblast,Pokrovskyi raion,Pokrovska terytorialna hromada,hromada,2024-06-14 06:26:16+00:00,2024-06-14 10:15:47+00:00,official
Donetska oblast,Pokrovskyi raion,Pokrovska terytorialna hromada,hromada,2024-04-20 13:14:57+00:00,2024-04-20 14:36:35+00:00,official
Dnipropetrovska oblast,Nikopolskyi raion,m. Nikopol ta Nikopolska terytorialna hromada,hromada,2024-02-27 13:56:59+00:00,2024-02-27 15:30:13+00:00,official
Donetska oblast,Pokrovskyi raion,Pokrovska terytorialna hromada,hromada,2024-05-23 05:59:44+00:00,2024-05-23 12:08:00+00:00,official
Dnipropetrovska oblast,Nikopolskyi raion,m. Nikopol ta Nikopolska terytorialna hromada,hromada,2024-11-27 09:34:41+00:00,2024-11-27 09:40:13+00:00,official
Dnipropetrovska oblast,Nikopolskyi raion,Myrivska terytorialna hromada,hromada,2024-05-17 09:57:22+00:00,2024-05-18 04:27:59+00:00,official
Dnipropetrovska oblast,Nikopolskyi raion,m. Marhanets ta Marhanetska terytorialna hromada,hromada,2024-04-22 18:24:45+00:00,2024-04-23 03:25:50+00:00,official
Dnipropetrovska oblast,Nikopolskyi raion,Myrivska terytorialna hromada,hromada,2024-06-11 09:11:45+00:00,2024-06-11 13:56:30+00:00,official
Dnipropetrovska oblast,Nikopolskyi raion,m. Nikopol ta Nikopolska terytorialna hromada,hromada,2024-12-22 05:18:36+00:00,2024-12-22 07:59:33+00:00,official
Dnipropetrovska oblast,Nikopolskyi raion,Myrivska terytorialna hromada,hromada,2024-02-18 14:23:10+00:00,2024-02-18 16:04:32+00:00,official
Dnipropetrovska oblast,Nikopolskyi raion,Chervonohryhorivska terytorialna hromada,hromada,2024-02-13 19:00:08+00:00,2024-02-14 05:04:06+00:00,official
Dnipropetrovska oblast,Nikopolskyi raion,Chervonohryhorivska terytorialna hromada,hromada,2024-03-24 15:06:36+00:00,2024-03-24 15:40:17+00:00,official
Donetska oblast,Pokrovskyi raion,Pokrovska terytorialna hromada,hromada,2024-09-09 11:07:05+00:00,2024-09-09 14:44:20+00:00,official
Dnipropetrovska oblast,Nikopolskyi raion,Chervonohryhorivska terytorialna hromada,hromada,2024-10-11 14:19:42+00:00,2024-10-12 08:06:43+00:00,official
Dnipropetrovska oblast,Nikopolskyi raion,m. Nikopol ta Nikopolska terytorialna hromada,hromada,2024-06-18 10:32:07+00:00,2024-06-18 11:47:37+00:00,official
Dnipropetrovska oblast,Nikopolskyi raion,m. Nikopol ta Nikopolska terytorialna hromada,hromada,2024-04-09 18:05:19+00:00,2024-04-10 04:43:47+00:00,official
Dnipropetrovska oblast,Nikopolskyi raion,m. Nikopol ta Nikopolska terytorialna hromada,hromada,2024-01-25 13:29:08+00:00,2024-01-25 13:59:19+00:00,official
Donetska oblast,Pokrovskyi raion,Pokrovska terytorialna hromada,hromada,2024-02-21 08:04:53+00:00,2024-02-21 11:00:40+00:00,official
Dnipropetrovska oblast,Nikopolskyi raion,m. Nikopol ta Nikopolska terytorialna hromada,hromada,2024-08-15 14:15:07+00:00,2024-08-15 14:52:24+00:00,official
Dnipropetrovska oblast,Nikopolskyi raion,m. Marhanets ta Marhanetska terytorialna hromada,hromada,2024-01-15 20:40:03+00:00,2024-01-16 05:09:20+00:00,official
Dnipropetrovska oblast,Nikopolskyi raion,m. Nikopol ta Nikopolska terytorialna hromada,hromada,2024-04-18 11:48:41+00:00,2024-04-18 12:59:33+00:00,official
Dnipropetrovska oblast,Nikopolskyi raion,m. Marhanets ta Marhanetska terytorialna hromada,hromada,2024-05-05 04:30:06+00:00,2024-05-05 05:22:47+00:00,official
Dnipropetrovska oblast,Nikopolskyi raion,Myrivska terytorialna hromada,hromada,2024-07-07 08:14:41+00:00,2024-07-07 14:46:07+00:00,official
Dnipropetrovska oblast,Nikopolskyi raion,m. Nikopol ta Nikopolska terytorialna hromada,hromada,2024-03-15 10:40:05+00:00,2024-03-15 11:00:05+00:00,official
Dnipropetrovska oblast,Nikopolskyi raion,m. Marhanets ta Marhanetska terytorialna hromada,hromada,2024-08-03 14:49:37+00:00,2024-08-05 06:35:03+00:00,official
Poltavska oblast,,,oblast,2024-09-28 17:52:50+00:00,2024-09-28 18:17:14+00:00,official
Khersonska oblast,,,oblast,2024-06-13 10:32:40+00:00,2024-06-13 11:01:07+00:00,official
Zakarpatska oblast,,,oblast,2024-02-09 09:22:48+00:00,2024-02-09 10:59:01+00:00,official
Dnipropetrovska oblast,,,oblast,2024-05-13 02:09:26+00:00,2024-05-13 02:33:33+00:00,official
Donetska oblast,,,oblast,2024-03-26 01:15:33+00:00,2024-03-26 01:49:06+00:00,official
Zaporizka oblast,,,oblast,2024-06-27 12:49:32+00:00,2024-06-27 13:27:46+00:00,official
Zaporizka oblast,,,oblast,2024-07-05 01:42:45+00:00,2024-07-05 02:15:21+00:00,official
Chernihivska oblast,,,oblast,2024-01-07 07:54:36+00:00,2024-01-07 09:05:30+00:00,official
Odeska oblast,,,oblast,2024-12-06 17:23:53+00:00,2024-12-06 18:13:08+00:00,official
Khersonska oblast,,,oblast,2024-05-09 19:20:17+00:00,2024-05-09 19:40:04+00:00,official
Zaporizka oblast,,,oblast,2024-05-02 10:33:57+00:00,2024-05-02 11:25:15+00:00,official
Dnipropetrovska oblast,,,oblast,2024-10-30 09:00:12+00:00,2024-10-30 09:06:59+00:00,official
Poltavska oblast,,,oblast,2024-10-04 19:25:35+00:00,2024-10-04 22:24:53+00:00,official
Kharkivska oblast,,,oblast,2024-11-18 10:27:43+00:00,2024-11-18 11:14:19+00:00,official
Ternopilska oblast,,,oblast,2024-02-16 13:04:38+00:00,2024-02-16 13:37:49+00:00,official
Chernihivska oblast,,,oblast,2024-10-26 17:52:44+00:00,2024-10-27 00:31:52+00:00,official
Zaporizka oblast,,,oblast,2024-03-27 19:55:40+00:00,2024-03-27 20:45:08+00:00,official
Donetska oblast,,,oblast,2024-04-04 16:36:39+00:00,2024-04-04 17:05:33+00:00,official
Khersonska oblast,,,oblast,2024-01-17 18:02:23+00:00,2024-01-17 22:32:05+00:00,official
Cherkaska oblast,,,oblast,2024-11-19 19:17:55+00:00,2024-11-19 19:43:57+00:00,official
Poltavska oblast,,,oblast,2024-12-30 10:35:35+00:00,2024-12-30 10:58:57+00:00,official
Poltavska oblast,,,oblast,2024-09-10 05:48:23+00:00,2024-09-10 05:51:58+00:00,official
Dnipropetrovska oblast,,,oblast,2024-10-05 18:32:01+00:00,2024-10-05 23:02:56+00:00,official
Sumska oblast,,,oblast,2024-03-11 06:13:48+00:00,2024-03-11 06:43:39+00:00,official
Kirovohradska oblast,,,oblast,2024-08-29 17:16:11+00:00,2024-08-29 17:30:48+00:00,official
Donetska oblast,,,oblast,2024-06-14 06:14:17+00:00,2024-06-14 09:41:17+00:00,official
Mykolaivska oblast,,,oblast,2024-05-17 04:04:51+00:00,2024-05-17 04:12:15+00:00,official
Dnipropetrovska oblast,,,oblast,2024-04-28 14:45:45+00:00,2024-04-28 15:07:38+00:00,official
Khersonska oblast,,,oblast,2024-09-18 18:07:48+00:00,2024-09-18 23:02:07+00:00,official
Donetska oblast,,,oblast,2024-09-02 00:48:42+00:00,2024-09-02 03:30:48+00:00,official
Zaporizka oblast,Polohivskyi raion,,raion,2024-10-05 11:55:00+00:00,2024-10-05 11:55:38+00:00,official
Zaporizka oblast,Polohivskyi raion,,raion,2024-10-05 11:55:00+00:00,2024-10-05 11:55:38+00:00,official
Dnipropetrovska oblast,Nikopolskyi raion,,raion,2024-01-26 11:30:42+00:00,2024-01-26 11:31:04+00:00,official
Zaporizka oblast,Zaporizkyi raion,,raion,2024-12-23 15:58:34+00:00,2024-12-23 16:00:53+00:00,official
Zaporizka oblast,Polohivskyi raion,,raion,2024-11-20 19:24:59+00:00,2024-11-20 19:49:51+00:00,official
Dnipropetrovska oblast,Nikopolskyi raion,,raion,2024-01-26 11:30:42+00:00,2024-01-26 11:31:04+00:00,official
Zaporizka oblast,Zaporizkyi raion,,raion,2024-12-23 15:58:34+00:00,2024-12-23 16:00:53+00:00,official
Zaporizka oblast,Polohivskyi raion,,raion,2024-11-20 19:24:59+00:00,2024-11-20 19:49:51+00:00,official
Dnipropetrovska oblast,Nikopolskyi raion,m. Nikopol ta Nikopolska terytorialna hromada,hromada,2025-08-29 06:47:08+00:00,2025-08-29 07:33:43+00:00,official
Dnipropetrovska oblast,Nikopolskyi raion,m. Marhanets ta Marhanetska terytorialna hromada,hromada,2025-12-16 14:16:21+00:00,2025-12-17 06:22:28+00:00,official
Dnipropetrovska oblast,Nikopolskyi raion,Chervonohryhorivska terytorialna hromada,hromada,2025-03-03 20:32:43+00:00,2025-03-04 09:43:33+00:00,official
Donetska oblast,Pokrovskyi raion,Pokrovska terytorialna hromada,hromada,2025-07-26 06:26:57+00:00,2025-07-26 06:51:39+00:00,official
Zaporizka oblast,Zaporizkyi raion,m. Zaporizhzhia ta Zaporizka terytorialna hromada,hromada,2025-10-12 11:22:35+00:00,2025-10-12 11:43:21+00:00,official
Dnipropetrovska oblast,Nikopolskyi raion,m. Nikopol ta Nikopolska terytorialna hromada,hromada,2025-10-04 14:29:46+00:00,2025-10-04 15:22:51+00:00,official
Dnipropetrovska oblast,Nikopolskyi raion,m. Nikopol ta Nikopolska terytorialna hromada,hromada,2025-01-22 12:41:10+00:00,2025-01-22 14:23:10+00:00,official
Zaporizka oblast,Zaporizkyi raion,m. Zaporizhzhia ta Zaporizka terytorialna hromada,hromada,2025-08-27 08:39:08+00:00,2025-08-27 09:00:17+00:00,official
Dnipropetrovska oblast,Nikopolskyi raion,m. Marhanets ta Marhanetska terytorialna hromada,hromada,2025-12-16 10:15:45+00:00,2025-12-16 11:32:13+00:00,official
Dnipropetrovska oblast,Nikopolskyi raion,m. Marhanets ta Marhanetska terytorialna hromada,hromada,2025-10-07 09:16:08+00:00,2025-10-07 11:13:14+00:00,official
Donetska oblast,Pokrovskyi raion,Pokrovska terytorialna hromada,hromada,2025-04-24 05:14:04+00:00,2025-04-24 06:51:06+00:00,official
Dnipropetrovska oblast,Nikopolskyi raion,Chervonohryhorivska terytorialna hromada,hromada,2025-07-13 20:04:38+00:00,2025-07-18 11:57:06+00:00,official
Zaporizka oblast,Zaporizkyi raion,m. Zaporizhzhia ta Zaporizka terytorialna hromada,hromada,2025-03-22 11:17:17+00:00,2025-03-22 11:23:00+00:00,official
Dnipropetrovska oblast,Nikopolskyi raion,m. Nikopol ta Nikopolska terytorialna hromada,hromada,2025-12-11 08:39:35+00:00,2025-12-11 13:49:36+00:00,official
Dnipropetrovska oblast,Nikopolskyi raion,m. Nikopol ta Nikopolska terytorialna hromada,hromada,2025-03-13 19:56:27+00:00,2025-03-14 04:50:05+00:00,official
Dnipropetrovska oblast,Nikopolskyi raion,m. Nikopol ta Nikopolska terytorialna hromada,hromada,2025-09-10 07:40:39+00:00,2025-09-10 09:52:40+00:00,official
Dnipropetrovska oblast,Nikopolskyi raion,m. Nikopol ta Nikopolska terytorialna hromada,hromada,2025-03-05 08:06:12+00:00,2025-03-05 08:10:07+00:00,official
Donetska oblast,Pokrovskyi raion,Pokrovska terytorialna hromada,hromada,2025-08-04 08:30:44+00:00,2025-08-04 09:04:27+00:00,official
Kharkivska oblast,Kharkivskyi raion,m. Kharkiv ta Kharkivska terytorialna hromada,hromada,2025-04-16 18:00:26+00:00,2025-04-16 21:00:03+00:00,official
Zaporizka oblast,Zaporizkyi raion,m. Zaporizhzhia ta Zaporizka terytorialna hromada,hromada,2025-07-16 10:15:55+00:00,2025-07-16 10:40:10+00:00,official
Kharkivska oblast,Kharkivskyi raion,m. Kharkiv ta Kharkivska terytorialna hromada,hromada,2025-03-06 14:25:46+00:00,2025-03-06 15:53:15+00:00,official
Donetska oblast,Pokrovskyi raion,Pokrovska terytorialna hromada,hromada,2025-07-18 09:06:41+00:00,2025-07-18 09:31:17+00:00,official
Dnipropetrovska oblast,Nikopolskyi raion,m. Nikopol ta Nikopolska terytorialna hromada,hromada,2025-04-26 18:55:09+00:00,2025-04-27 03:17:06+00:00,official
Donetska oblast,Pokrovskyi raion,Pokrovska terytorialna hromada,hromada,2025-01-13 12:16:05+00:00,2025-01-13 18:48:43+00:00,official
Dnipropetrovska oblast,Nikopolskyi raion,m. Nikopol ta Nikopolska terytorialna hromada,hromada,2025-04-18 09:58:31+00:00,2025-04-18 10:38:10+00:00,official
Dnipropetrovska oblast,Nikopolskyi raion,m. Nikopol ta Nikopolska terytorialna hromada,hromada,2025-02-18 11:40:31+00:00,2025-02-18 13:27:26+00:00,official
Zaporizka oblast,Zaporizkyi raion,m. Zaporizhzhia ta Zaporizka terytorialna hromada,hromada,2025-10-19 20:55:19+00:00,2025-10-19 21:41:46+00:00,official
Kharkivska oblast,Kharkivskyi raion,m. Kharkiv ta Kharkivska terytorialna hromada,hromada,2025-09-12 17:15:55+00:00,2025-09-12 18:07:49+00:00,official
Dnipropetrovska oblast,Nikopolskyi raion,m. Marhanets ta Marhanetska terytorialna hromada,hromada,2025-11-17 09:11:47+00:00,2025-11-17 10:18:37+00:00,official
Kharkivska oblast,Kharkivskyi raion,m. Kharkiv ta Kharkivska terytorialna hromada,hromada,2025-09-26 17:51:07+00:00,2025-09-27 00:22:58+00:00,official
Cherkaska oblast,,,oblast,2025-05-05 15:47:31+00:00,2025-05-05 16:00:06+00:00,official
Odeska oblast,,,oblast,2025-07-06 18:52:12+00:00,2025-07-06 19:05:29+00:00,official
Khmelnytska oblast,,,oblast,2025-07-10 10:34:25+00:00,2025-07-10 12:53:10+00:00,official
Khersonska oblast,,,oblast,2025-04-17 10:42:18+00:00,2025-04-17 11:03:44+00:00,official
Sumska oblast,,,oblast,2025-04-28 11:06:26+00:00,2025-04-28 11:28:25+00:00,official
Donetska oblast,,,oblast,2025-08-09 00:25:45+00:00,2025-08-09 04:15:58+00:00,official
Donetska oblast,,,oblast,2025-06-05 06:05:04+00:00,2025-06-05 09:36:58+00:00,official
Mykolaivska oblast,,,oblast,2025-06-20 12:16:32+00:00,2025-06-20 13:08:35+00:00,official
Kharkivska oblast,,,oblast,2025-07-20 12:44:38+00:00,2025-07-20 13:25:06+00:00,official
Sumska oblast,,,oblast,2025-03-02 17:15:45+00:00,2025-03-02 18:01:34+00:00,official
Donetska oblast,,,oblast,2025-07-24 11:18:28+00:00,2025-07-24 11:57:49+00:00,official
Donetska oblast,,,oblast,2025-01-06 18:19:45+00:00,2025-01-06 21:53:42+00:00,official
Kharkivska oblast,,,oblast,2025-04-25 05:41:22+00:00,2025-04-25 05:49:25+00:00,official
Dnipropetrovska oblast,,,oblast,2025-04-21 20:36:32+00:00,2025-04-21 22:30:28+00:00,official
Dnipropetrovska oblast,,,oblast,2025-02-22 14:21:49+00:00,2025-02-22 14:31:23+00:00,official
Ternopilska oblast,,,oblast,2025-10-03 17:44:03+00:00,2025-10-03 18:15:38+00:00,official
Dnipropetrovska oblast,,,oblast,2025-06-27 00:19:20+00:00,2025-06-27 01:30:58+00:00,official
Chernihivska oblast,,,oblast,2025-02-18 18:14:16+00:00,2025-02-19 03:17:30+00:00,official
Odeska oblast,,,oblast,2025-02-18 20:25:36+00:00,2025-02-18 23:00:57+00:00,official
Sumska oblast,,,oblast,2025-04-30 02:26:50+00:00,2025-04-30 05:47:25+00:00,official
Donetska oblast,,,oblast,2025-05-29 11:51:46+00:00,2025-05-29 16:10:49+00:00,official
Zaporizka oblast,,,oblast,2025-04-18 11:14:21+00:00,2025-04-18 11:31:49+00:00,official
Sumska oblast,,,oblast,2025-01-16 13:40:49+00:00,2025-01-16 21:12:32+00:00,official
Kyivska oblast,,,oblast,2025-02-17 19:45:02+00:00,2025-02-18 02:59:30+00:00,official
Khersonska oblast,,,oblast,2025-09-13 17:50:07+00:00,2025-09-13 18:26:15+00:00,official
Chernihivska oblast,,,oblast,2025-08-16 07:59:46+00:00,2025-08-16 11:54:29+00:00,official
Odeska oblast,,,oblast,2025-03-25 19:10:09+00:00,2025-03-25 19:29:03+00:00,official
Vinnytska oblast,,,oblast,2025-03-06 22:30:14+00:00,2025-03-06 23:22:51+00:00,official
Zhytomyrska oblast,,,oblast,2025-07-11 17:15:11+00:00,2025-07-12 02:18:55+00:00,official
Kharkivska oblast,,,oblast,2025-05-01 14:56:21+00:00,2025-05-01 15:28:23+00:00,official
Vinnytska oblast,Zhmerynskyi raion,,raion,2025-12-23 02:14:26+00:00,2025-12-23 07:28:46+00:00,official
Poltavska oblast,Poltavskyi raion,,raion,2025-10-17 23:28:00+00:00,2025-10-18 00:19:43+00:00,official
Kharkivska oblast,Kharkivskyi raion,,raion,2025-10-13 02:05:28+00:00,2025-10-13 02:51:48+00:00,official
Donetska oblast,Kalmiuskyi raion,,raion,2025-12-16 18:21:35+00:00,2025-12-16 21:27:44+00:00,official
Poltavska oblast,Kremenchutskyi raion,,raion,2025-08-15 23:03:07+00:00,2025-08-15 23:36:40+00:00,official
Kyivska oblast,Obukhivskyi raion,,raion,2025-10-29 22:16:08+00:00,2025-10-30 05:14:46+00:00,official
Zaporizka oblast,Berdianskyi raion,,raion,2025-12-10 10:12:42+00:00,2025-12-10 11:17:37+00:00,official
Mykolaivska oblast,Voznesenskyi raion,,raion,2025-12-03 10:56:03+00:00,2025-12-03 13:10:51+00:00,official
Kyivska oblast,Vyshhorodskyi raion,,raion,2025-08-21 12:52:50+00:00,2025-08-21 13:06:35+00:00,official
Kirovohradska oblast,Kropyvnytskyi raion,,raion,2025-10-16 21:36:49+00:00,2025-10-16 21:48:05+00:00,official
Sumska oblast,Romenskyi raion,,raion,2025-09-14 23:40:31+00:00,2025-09-15 00:51:19+00:00,official
Cherkaska oblast,Zolotoniskyi raion,,raion,2025-12-06 09:19:26+00:00,2025-12-06 10:18:38+00:00,official
Cherkaska oblast,Zolotoniskyi raion,,raion,2025-03-06 11:15:53+00:00,2025-03-06 11:35:59+00:00,official
Kharkivska oblast,Kharkivskyi raion,,raion,2025-08-29 08:02:43+00:00,2025-08-29 08:56:58+00:00,official
Cherkaska oblast,Umanskyi raion,,raion,2025-02-08 22:14:06+00:00,2025-02-09 01:28:36+00:00,official
Dnipropetrovska oblast,Pavlohradskyi raion,,raion,2025-12-19 00:45:38+00:00,2025-12-19 02:08:18+00:00,official
Odeska oblast,Podilskyi raion,,raion,2025-12-16 14:28:41+00:00,2025-12-16 19:32:03+00:00,official
Zaporizka oblast,Zaporizkyi raion,,raion,2025-12-12 13:21:58+00:00,2025-12-12 13:41:30+00:00,official
Kharkivska oblast,Krasnohradskyi raion,,raion,2025-09-14 18:15:32+00:00,2025-09-14 18:36:11+00:00,official
Dnipropetrovska oblast,Pavlohradskyi raion,,raion,2025-12-06 15:58:32+00:00,2025-12-06 16:06:53+00:00,official
Vinnytska oblast,Vinnytskyi raion,,raion,2025-10-09 22:39:13+00:00,2025-10-10 00:12:12+00:00,official
Kharkivska oblast,Iziumskyi raion,,raion,2025-12-26 19:49:36+00:00,2025-12-26 21:19:22+00:00,official
Kharkivska oblast,Lozivskyi raion,,raion,2025-12-28 18:19:10+00:00,2025-12-28 18:32:30+00:00,official
Mykolaivska oblast,Voznesenskyi raion,,raion,2025-11-20 20:54:35+00:00,2025-11-20 22:14:26+00:00,official
Sumska oblast,Shostkynskyi raion,,raion,2025-08-17 18:05:59+00:00,2025-08-18 03:10:35+00:00,official
Poltavska oblast,Lubenskyi raion,,raion,2025-12-18 11:03:36+00:00,2025-12-18 11:23:49+00:00,official
Khersonska oblast,Beryslavskyi raion,,raion,2025-12-19 20:30:45+00:00,2025-12-19 21:09:36+00:00,official
Chernihivska oblast,Nizhynskyi raion,,raion,2025-09-05 14:31:08+00:00,2025-09-05 19:04:21+00:00,official
Odeska oblast,Odeskyi raion,,raion,2025-11-05 19:38:56+00:00,2025-11-05 20:11:24+00:00,official
Chernihivska oblast,Prylutskyi raion,,raion,2025-09-05 08:02:00+00:00,2025-09-05 10:53:06+00:00,official
Kharkivska oblast,Kharkivskyi raion,m. Kharkiv ta Kharkivska terytorialna hromada,hromada,2026-01-23 18:37:22+00:00,2026-01-24 02:17:51+00:00,official
Zaporizka oblast,Zaporizkyi raion,m. Zaporizhzhia ta Zaporizka terytorialna hromada,hromada,2026-01-14 12:42:06+00:00,2026-01-14 13:45:31+00:00,official
Kharkivska oblast,Kharkivskyi raion,m. Kharkiv ta Kharkivska terytorialna hromada,hromada,2026-01-30 20:05:22+00:00,2026-01-30 21:15:06+00:00,official
Dnipropetrovska oblast,Nikopolskyi raion,m. Nikopol ta Nikopolska terytorialna hromada,hromada,2026-05-06 15:16:02+00:00,2026-05-07 04:22:14+00:00,official
Zaporizka oblast,Zaporizkyi raion,m. Zaporizhzhia ta Zaporizka terytorialna hromada,hromada,2026-03-19 00:00:52+00:00,2026-03-19 05:55:27+00:00,official
Dnipropetrovska oblast,Nikopolskyi raion,m. Nikopol ta Nikopolska terytorialna hromada,hromada,2026-06-16 18:59:17+00:00,2026-06-17 04:48:44+00:00,official
Dnipropetrovska oblast,Nikopolskyi raion,m. Nikopol ta Nikopolska terytorialna hromada,hromada,2026-01-01 12:45:27+00:00,2026-01-01 12:54:43+00:00,official
Zaporizka oblast,Zaporizkyi raion,m. Zaporizhzhia ta Zaporizka terytorialna hromada,hromada,2026-02-23 01:55:18+00:00,2026-02-23 06:56:45+00:00,official
Kharkivska oblast,Kharkivskyi raion,m. Kharkiv ta Kharkivska terytorialna hromada,hromada,2026-02-09 01:29:51+00:00,2026-02-09 02:14:08+00:00,official
Zaporizka oblast,Zaporizkyi raion,m. Zaporizhzhia ta Zaporizka terytorialna hromada,hromada,2026-03-12 20:04:12+00:00,2026-03-12 22:49:11+00:00,official
Kharkivska oblast,Kharkivskyi raion,m. Kharkiv ta Kharkivska terytorialna hromada,hromada,2026-04-11 21:53:27+00:00,2026-04-11 22:12:43+00:00,official
Zaporizka oblast,Zaporizkyi raion,m. Zaporizhzhia ta Zaporizka terytorialna hromada,hromada,2026-05-05 10:57:57+00:00,2026-05-05 11:18:06+00:00,official
Dnipropetrovska oblast,Nikopolskyi raion,m. Nikopol ta Nikopolska terytorialna hromada,hromada,2026-04-22 05:56:50+00:00,2026-04-23 04:43:10+00:00,official
Zaporizka oblast,Zaporizkyi raion,m. Zaporizhzhia ta Zaporizka terytorialna hromada,hromada,2026-02-11 12:39:30+00:00,2026-02-11 13:52:48+00:00,official
Dnipropetrovska oblast,Nikopolskyi raion,m. Marhanets ta Marhanetska terytorialna hromada,hromada,2026-05-27 07:19:12+00:00,2026-05-29 06:48:11+00:00,official
Zaporizka oblast,Zaporizkyi raion,m. Zaporizhzhia ta Zaporizka terytorialna hromada,hromada,2026-01-24 05:10:57+00:00,2026-01-24 05:42:42+00:00,official
Kharkivska oblast,Kharkivskyi raion,m. Kharkiv ta Kharkivska terytorialna hromada,hromada,2026-06-14 04:15:34+00:00,2026-06-14 04:28:34+00:00,official
Dnipropetrovska oblast,Nikopolskyi raion,m. Marhanets ta Marhanetska terytorialna hromada,hromada,2026-02-10 11:50:42+00:00,2026-02-10 12:11:47+00:00,official
Dnipropetrovska oblast,Nikopolskyi raion,m. Nikopol ta Nikopolska terytorialna hromada,hromada,2026-06-14 09:58:28+00:00,2026-06-14 10:24:22+00:00,official
Donetska oblast,Pokrovskyi raion,Pokrovska terytorialna hromada,hromada,2026-03-27 18:47:04+00:00,2026-03-27 19:19:49+00:00,official
Kharkivska oblast,Kharkivskyi raion,m. Kharkiv ta Kharkivska terytorialna hromada,hromada,2026-01-14 23:07:16+00:00,2026-01-14 23:39:19+00:00,official
Dnipropetrovska oblast,Nikopolskyi raion,m. Marhanets ta Marhanetska terytorialna hromada,hromada,2026-01-20 11:04:32+00:00,2026-01-21 06:30:54+00:00,official
Kharkivska oblast,Kharkivskyi raion,m. Kharkiv ta Kharkivska terytorialna hromada,hromada,2026-04-16 10:00:05+00:00,2026-04-16 12:11:37+00:00,official
Zaporizka oblast,Zaporizkyi raion,m. Zaporizhzhia ta Zaporizka terytorialna hromada,hromada,2026-06-16 11:09:11+00:00,2026-06-16 12:09:57+00:00,official
Donetska oblast,Pokrovskyi raion,Pokrovska terytorialna hromada,hromada,2026-01-02 10:22:03+00:00,2026-01-02 11:00:52+00:00,official
Zaporizka oblast,Zaporizkyi raion,m. Zaporizhzhia ta Zaporizka terytorialna hromada,hromada,2026-01-14 19:50:52+00:00,2026-01-14 20:11:42+00:00,official
Zaporizka oblast,Zaporizkyi raion,m. Zaporizhzhia ta Zaporizka terytorialna hromada,hromada,2026-01-10 13:13:47+00:00,2026-01-10 13:27:35+00:00,official
Zaporizka oblast,Zaporizkyi raion,m. Zaporizhzhia ta Zaporizka terytorialna hromada,hromada,2026-01-15 06:57:45+00:00,2026-01-15 07:33:55+00:00,official
Donetska oblast,Pokrovskyi raion,Pokrovska terytorialna hromada,hromada,2026-01-21 12:26:53+00:00,2026-01-21 14:17:18+00:00,official
Dnipropetrovska oblast,Nikopolskyi raion,m. Nikopol ta Nikopolska terytorialna hromada,hromada,2026-03-19 05:39:45+00:00,2026-03-19 06:13:55+00:00,official
Kyiv City,,,oblast,2026-01-13 00:10:03+00:00,2026-01-13 00:10:50+00:00,official
Kyiv City,,,oblast,2026-05-29 12:00:33+00:00,2026-05-29 12:39:27+00:00,official
Kyiv City,,,oblast,2026-01-15 06:37:33+00:00,2026-01-15 07:32:20+00:00,official
Kyiv City,,,oblast,2026-05-16 19:30:50+00:00,2026-05-16 19:33:03+00:00,official
Kyiv City,,,oblast,2026-01-09 20:58:58+00:00,2026-01-09 22:57:53+00:00,official
Kyiv City,,,oblast,2026-01-22 11:10:13+00:00,2026-01-22 11:59:27+00:00,official
Kyiv City,,,oblast,2026-03-22 11:16:18+00:00,2026-03-22 11:48:28+00:00,official
Kyiv City,,,oblast,2026-03-29 22:45:19+00:00,2026-03-29 23:28:25+00:00,official
Kyiv City,,,oblast,2026-01-09 17:21:33+00:00,2026-01-09 17:37:58+00:00,official
Kyiv City,,,oblast,2026-02-03 13:07:40+00:00,2026-02-03 13:29:33+00:00,official
Kyiv City,,,oblast,2026-05-07 15:35:48+00:00,2026-05-07 15:53:25+00:00,official
Kyiv City,,,oblast,2026-01-13 22:05:12+00:00,2026-01-13 22:26:42+00:00,official
Kyiv City,,,oblast,2026-03-14 10:57:50+00:00,2026-03-14 11:27:01+00:00,official
Kyiv City,,,oblast,2026-03-18 16:22:25+00:00,2026-03-18 16:42:13+00:00,official
Kyiv City,,,oblast,2026-04-15 23:31:34+00:00,2026-04-16 02:02:14+00:00,official
Kyiv City,,,oblast,2026-01-16 06:12:01+00:00,2026-01-16 06:19:47+00:00,official
Kyiv City,,,oblast,2026-03-29 08:22:15+00:00,2026-03-29 08:50:16+00:00,official
Kyiv City,,,oblast,2026-02-12 10:23:48+00:00,2026-02-12 10:48:04+00:00,official
Kyiv City,,,oblast,2026-06-18 04:28:20+00:00,2026-06-18 04:44:54+00:00,official
Kyiv City,,,oblast,2026-05-13 09:26:37+00:00,2026-05-13 10:57:17+00:00,official
Kyiv City,,,oblast,2026-04-09 05:58:12+00:00,2026-04-09 06:29:58+00:00,official
Kyiv City,,,oblast,2026-03-23 00:06:25+00:00,2026-03-23 00:33:17+00:00,official
Kyiv City,,,oblast,2026-04-03 00:51:47+00:00,2026-04-03 01:25:30+00:00,official
Kyiv City,,,oblast,2026-01-24 13:37:21+00:00,2026-01-24 14:17:48+00:00,official
Kyiv City,,,oblast,2026-01-20 13:08:52+00:00,2026-01-20 14:01:44+00:00,official
Kyiv City,,,oblast,2026-02-04 23:53:12+00:00,2026-02-05 02:21:10+00:00,official
Kyiv City,,,oblast,2026-06-03 20:26:10+00:00,2026-06-03 20:56:07+00:00,official
Kyiv City,,,oblast,2026-01-17 04:33:32+00:00,2026-01-17 05:50:08+00:00,official
Kyiv City,,,oblast,2026-02-02 22:24:03+00:00,2026-02-03 05:44:33+00:00,official
Kyiv City,,,oblast,2026-03-28 19:00:09+00:00,2026-03-28 19:28:36+00:00,official
Kharkivska oblast,Iziumskyi raion,,raion,2026-01-13 14:00:56+00:00,2026-01-13 14:58:52+00:00,official
Chernihivska oblast,Koriukivskyi raion,,raion,2026-02-02 18:57:19+00:00,2026-02-03 06:12:19+00:00,official
Kyivska oblast,Buchanskyi raion,,raion,2026-06-17 21:35:55+00:00,2026-06-17 21:57:38+00:00,official
Odeska oblast,Bolhradskyi raion,,raion,2026-03-31 17:05:43+00:00,2026-03-31 18:22:51+00:00,official
Kyivska oblast,Vyshhorodskyi raion,,raion,2026-03-15 07:16:10+00:00,2026-03-15 07:48:24+00:00,official
Dnipropetrovska oblast,Nikopolskyi raion,,raion,2026-04-27 22:26:01+00:00,2026-04-27 22:57:25+00:00,official
Kirovohradska oblast,Holovanivskyi raion,,raion,2026-04-13 08:11:19+00:00,2026-04-13 08:32:45+00:00,official
Sumska oblast,Sumskyi raion,,raion,2026-06-12 23:12:36+00:00,2026-06-13 00:40:47+00:00,official
Cherkaska oblast,Zvenyhorodskyi raion,,raion,2026-06-05 14:08:13+00:00,2026-06-05 14:22:19+00:00,official
Sumska oblast,Romenskyi raion,,raion,2026-03-14 14:29:12+00:00,2026-03-14 14:55:03+00:00,official
Chernihivska oblast,Chernihivskyi raion,,raion,2026-04-01 03:41:13+00:00,2026-04-01 05:38:22+00:00,official
Kharkivska oblast,Iziumskyi raion,,raion,2026-04-05 06:56:17+00:00,2026-04-05 13:41:36+00:00,official
Dnipropetrovska oblast,Kryvorizkyi raion,,raion,2026-01-08 01:20:52+00:00,2026-01-08 01:43:24+00:00,official
Kharkivska oblast,Iziumskyi raion,,raion,2026-02-07 13:55:04+00:00,2026-02-07 14:15:07+00:00,official
Poltavska oblast,Lubenskyi raion,,raion,2026-05-15 19:24:24+00:00,2026-05-15 19:48:42+00:00,official
Kharkivska oblast,Bohodukhivskyi raion,,raion,2026-05-22 13:24:23+00:00,2026-05-22 15:00:37+00:00,official
Donetska oblast,Donetskyi raion,,raion,2026-04-26 06:46:42+00:00,2026-04-26 12:01:52+00:00,official
Poltavska oblast,Lubenskyi raion,,raion,2026-04-01 21:09:15+00:00,2026-04-01 21:34:04+00:00,official
Khmelnytska oblast,Shepetivskyi raion,,raion,2026-02-19 20:46:08+00:00,2026-02-19 21:06:13+00:00,official
Dnipropetrovska oblast,Pavlohradskyi raion,,raion,2026-02-15 05:55:45+00:00,2026-02-15 07:20:16+00:00,official
Sumska oblast,Romenskyi raion,,raion,2026-04-02 12:03:46+00:00,2026-04-02 12:44:07+00:00,official
Khersonska oblast,Khersonskyi raion,,raion,2026-05-18 12:03:36+00:00,2026-05-18 12:11:42+00:00,official
Donetska oblast,Kramatorskyi raion,,raion,2026-04-21 12:50:05+00:00,2026-04-21 15:32:43+00:00,official
Mykolaivska oblast,Voznesenskyi raion,,raion,2026-04-09 02:59:08+00:00,2026-04-09 03:28:04+00:00,official
Donetska oblast,Bakhmutskyi raion,,raion,2026-04-09 16:05:24+00:00,2026-04-09 16:46:59+00:00,official
Kirovohradska oblast,Novoukrainskyi raion,,raion,2026-02-13 17:33:36+00:00,2026-02-13 18:07:34+00:00,official
Chernihivska oblast,Chernihivskyi raion,,raion,2026-01-24 02:28:00+00:00,2026-01-24 06:37:32+00:00,official
Kirovohradska oblast,Kropyvnytskyi raion,,raion,2026-03-28 03:48:06+00:00,2026-03-28 04:17:40+00:00,official
Poltavska oblast,Poltavskyi raion,,raion,2026-03-25 10:19:54+00:00,2026-03-25 12:44:05+00:00,official
Donetska oblast,Kalmiuskyi raion,,raion,2026-04-30 04:15:38+00:00,2026-04-30 05:14:42+00:00,official
